username,password,firstname,lastname,email
user1,password1,John,Doe,user1@example.com
user2,password2,Jane,Smith,user2@example.com
user3,password3,Michael,Johnson,user3@example.com
user4,password4,Emily,Brown,user4@example.com
user5,password5,William,Miller,user5@example.com
user6,password6,Sophia,Anderson,user6@example.com
user7,password7,James,Thomas,user7@example.com
user8,password8,Olivia,White,user8@example.com
user9,password9,Liam,Martin,user9@example.com
user10,password10,Charlotte,Garcia,user10@example.com
user11,password11,Ethan,Martinez,user11@example.com
user12,password12,Amelia,Robinson,user12@example.com
user13,password13,Alexander,Clark,user13@example.com
user14,password14,Mia,Rodriguez,user14@example.com
user15,password15,Benjamin,Lewis,user15@example.com
user16,password16,Ella,Young,user16@example.com
user17,password17,Lucas,Hall,user17@example.com
user18,password18,Grace,Allen,user18@example.com
user19,password19,Mason,Hill,user19@example.com
user20,password20,Sophie,Moore,user20@example.com
